﻿<?xml version="1.0" encoding="utf-8"?>
<extension type="module" version="3.1" method="upgrade" client="site">
    <name>Widgetkit</name>
    <version>2.7.7</version>
    <description><![CDATA[<h1>|| Downloaded from || JARtheme.COM ||</h1>]]></description>
    <creationDate>July 2016</creationDate>
    <copyright>Copyright (C) YOOtheme GmbH</copyright>
    <license>GNU General Public License v2 or later</license>
    <author>JARtheme.com</author>
    <authorEmail>info@yootheme.com</authorEmail>
    <authorUrl>http://yootheme.com</authorUrl>
    <files>
        <filename module="mod_widgetkit">mod_widgetkit.php</filename>
        <folder>elements</folder>
    </files>
    <config>
        <fields name="params" >
            <fieldset name="basic" addfieldpath="/modules/mod_widgetkit/elements">
                <field name="widgetkit" type="widget" default="" label="Widget" description="Select a Widget to display" required="true" />
            </fieldset>
        </fields>
    </config>
</extension>
