<?xml version="1.0" encoding="utf-8"?>
<extension type="module" version="3.0" client="site" method="upgrade">
	<name>Якорное меню</name>
	<author>Lange D.M.</author>
	<creationDate>August 2016</creationDate>
	<copyright>Copyright (C) lange.org</copyright>
	<license>GNU General Public License version 2 or later;</license>
	<authorEmail>lanhedmitruy@gmail.com</authorEmail>
	<version>1.0.0</version>
	<description>Якорное мню</description>
	<files>
		<filename module="mod_anchor_menu">mod_anchor_menu.php</filename>
		<filename>index.html</filename>
		<folder>tmpl</folder>
	</files>
	<config>
		<fields name="params">
			<fieldset name="basic">
				<field name="links"
					type="Repeatable"
					icon="list"
					description="Список ссылок"
					label="Список ссылок"
					default=""
					select="Открыть">
					<fieldset name="links_list" repeat="true">
						<field
							name="link_title"
							type="text"
							label="Заголовок"/>
						<field
							name="link_link"
							type="text"
							label="Адрес ссылки"/>
					</fieldset>
				</field>
			</fieldset>
			<fieldset
				name="advanced">
				<field
					name="layout"
					type="modulelayout"
					label="JFIELD_ALT_LAYOUT_LABEL"
					description="JFIELD_ALT_MODULE_LAYOUT_DESC" />

				<field
					name="moduleclass_sfx"
					type="text"
					label="COM_MODULES_FIELD_MODULECLASS_SFX_LABEL"
					description="COM_MODULES_FIELD_MODULECLASS_SFX_DESC" />

				<field
					name="cache"
					type="list"
					default="1"
					label="COM_MODULES_FIELD_CACHING_LABEL"
					description="COM_MODULES_FIELD_CACHING_DESC">
					<option
						value="1">JGLOBAL_USE_GLOBAL</option>
					<option
						value="0">COM_MODULES_FIELD_VALUE_NOCACHING</option>
				</field>

				<field
					name="cache_time"
					type="text"
					default="900"
					label="COM_MODULES_FIELD_CACHE_TIME_LABEL"
					description="COM_MODULES_FIELD_CACHE_TIME_DESC" />
				<field
					name="cachemode"
					type="hidden"
					default="static">
					<option
						value="static"></option>
				</field>
			</fieldset>
		</fields>
	</config>
</extension>
